ID,TARGET
0,4
1,5
2,2
3,2
4,3
5,8
6,4
7,6
8,4
9,7
10,0
11,9
12,1
13,4
14,2
15,4
16,2
17,9
18,4
19,0
20,4
21,4
22,8
23,5
24,2
25,2
26,2
27,4
28,4
29,9
30,1
31,3
32,0
33,8
34,8
35,6
36,3
37,8
38,8
39,3
40,2
41,2
42,4
43,7
44,3
45,5
46,4
47,2
48,4
49,4
50,9
51,8
52,5
53,6
54,7
55,4
56,4
57,8
58,4
59,3
60,7
61,9
62,9
63,8
64,3
65,8
66,8
67,3
68,4
69,2
70,8
71,7
72,8
73,2
74,5
75,7
76,0
77,4
78,4
79,0
80,5
81,5
82,5
83,5
84,4
85,3
86,0
87,0
88,6
89,0
90,0
91,7
92,8
93,4
94,1
95,0
96,7
97,1
98,6
99,4
100,9
101,8
102,8
103,8
104,4
105,8
106,4
107,2
108,4
109,0
110,5
111,3
112,4
113,2
114,8
115,0
116,2
117,8
118,8
119,8
120,3
121,9
122,4
123,5
124,3
125,5
126,1
127,4
128,9
129,0
130,3
131,9
132,0
133,4
134,3
135,0
136,0
137,8
138,9
139,4
140,8
141,4
142,0
143,5
144,7
145,0
146,3
147,0
148,3
149,5
150,2
151,3
152,2
153,5
154,4
155,5
156,9
157,7
158,2
159,6
160,4
161,0
162,7
163,0
164,4
165,3
166,8
167,4
168,8
169,5
170,4
171,9
172,0
173,7
174,5
175,4
176,8
177,4
178,6
179,6
180,8
181,0
182,4
183,7
184,3
185,6
186,0
187,0
188,4
189,3
190,4
191,2
192,6
193,2
194,4
195,4
196,2
197,8
198,5
199,4
200,4
201,8
202,4
203,9
204,3
205,8
206,3
207,7
208,3
209,3
210,2
211,0
212,5
213,8
214,8
215,2
216,4
217,7
218,3
219,2
220,4
221,5
222,2
223,0
224,4
225,2
226,6
227,9
228,8
229,9
230,8
231,3
232,4
233,4
234,4
235,8
236,0
237,1
238,0
239,9
240,2
241,8
242,1
243,3
244,9
245,7
246,0
247,2
248,4
249,5
250,4
251,8
252,3
253,4
254,3
255,0
256,2
257,0
258,9
259,4
260,4
261,4
262,2
263,5
264,8
265,3
266,2
267,6
268,3
269,7
270,4
271,6
272,9
273,9
274,8
275,7
276,2
277,3
278,0
279,5
280,4
281,3
282,7
283,4
284,4
285,7
286,0
287,7
288,4
289,7
290,3
291,3
292,4
293,2
294,7
295,4
296,4
297,5
298,3
299,0
300,3
301,1
302,4
303,3
304,4
305,3
306,8
307,9
308,4
309,7
310,9
311,4
312,3
313,2
314,1
315,4
316,3
317,4
318,4
319,4
320,8
321,4
322,8
323,2
324,4
325,6
326,7
327,8
328,4
329,7
330,0
331,6
332,4
333,9
334,3
335,5
336,0
337,4
338,7
339,4
340,8
341,2
342,2
343,4
344,0
345,5
346,3
347,4
348,5
349,5
350,4
351,8
352,2
353,5
354,4
355,2
356,3
357,4
358,1
359,7
360,1
361,5
362,2
363,2
364,4
365,4
366,2
367,3
368,2
369,2
370,5
371,4
372,3
373,2
374,3
375,0
376,3
377,3
378,4
379,2
380,4
381,0
382,8
383,9
384,1
385,8
386,0
387,0
388,4
389,1
390,5
391,9
392,2
393,4
394,9
395,0
396,9
397,8
398,4
399,5
400,0
401,4
402,2
403,2
404,4
405,7
406,9
407,4
408,0
409,4
410,4
411,5
412,2
413,3
414,4
415,0
416,2
417,4
418,0
419,4
420,7
421,3
422,9
423,4
424,7
425,0
426,4
427,4
428,8
429,4
430,3
431,4
432,4
433,9
434,2
435,2
436,8
437,3
438,3
439,3
440,3
441,4
442,8
443,4
444,6
445,9
446,3
447,2
448,4
449,1
450,4
451,2
452,4
453,3
454,4
455,2
456,4
457,8
458,6
459,8
460,5
461,8
462,0
463,8
464,4
465,7
466,3
467,3
468,3
469,0
470,8
471,0
472,9
473,4
474,4
475,6
476,4
477,4
478,9
479,5
480,4
481,3
482,0
483,6
484,0
485,4
486,5
487,5
488,7
489,3
490,2
491,9
492,3
493,4
494,7
495,4
496,4
497,3
498,0
499,4
500,4
501,3
502,0
503,9
504,8
505,3
506,3
507,3
508,0
509,6
510,3
511,4
512,3
513,7
514,4
515,3
516,2
517,3
518,6
519,7
520,2
521,0
522,5
523,8
524,0
525,0
526,4
527,4
528,3
529,8
530,3
531,0
532,2
533,4
534,8
535,4
536,5
537,4
538,9
539,4
540,0
541,2
542,2
543,4
544,9
545,6
546,2
547,4
548,9
549,0
550,8
551,9
552,9
553,4
554,7
555,4
556,4
557,4
558,4
559,8
560,2
561,4
562,9
563,9
564,7
565,4
566,0
567,9
568,5
569,0
570,4
571,7
572,3
573,2
574,3
575,4
576,2
577,6
578,9
579,7
580,2
581,3
582,4
583,0
584,4
585,1
586,4
587,2
588,4
589,7
590,4
591,7
592,3
593,4
594,7
595,0
596,8
597,8
598,5
599,7
600,4
601,3
602,5
603,2
604,0
605,3
606,5
607,0
608,0
609,7
610,6
611,2
612,1
613,2
614,6
615,8
616,3
617,9
618,7
619,8
620,4
621,3
622,9
623,6
624,5
625,4
626,7
627,1
628,4
629,2
630,4
631,7
632,4
633,0
634,3
635,0
636,3
637,8
638,7
639,2
640,4
641,4
642,3
643,4
644,8
645,4
646,4
647,2
648,9
649,7
650,4
651,2
652,9
653,2
654,2
655,7
656,8
657,3
658,9
659,2
660,4
661,4
662,8
663,1
664,3
665,0
666,9
667,4
668,3
669,4
670,6
671,4
672,8
673,2
674,9
675,5
676,6
677,0
678,0
679,2
680,4
681,7
682,8
683,8
684,3
685,2
686,4
687,7
688,7
689,4
690,8
691,4
692,9
693,2
694,4
695,2
696,4
697,0
698,2
699,4
700,4
701,0
702,6
703,7
704,8
705,0
706,7
707,4
708,4
709,8
710,8
711,2
712,3
713,0
714,8
715,3
716,3
717,8
718,3
719,4
720,4
721,3
722,9
723,4
724,4
725,3
726,3
727,4
728,7
729,4
730,4
731,3
732,5
733,9
734,9
735,4
736,6
737,2
738,2
739,3
740,4
741,4
742,8
743,0
744,2
745,7
746,9
747,3
748,4
749,0
750,1
751,4
752,4
753,4
754,2
755,1
756,5
757,9
758,7
759,3
760,5
761,4
762,2
763,8
764,0
765,9
766,0
767,3
768,8
769,4
770,4
771,4
772,3
773,9
774,4
775,4
776,4
777,8
778,9
779,0
780,2
781,3
782,4
783,2
784,1
785,3
786,9
787,6
788,4
789,4
790,9
791,4
792,5
793,3
794,3
795,5
796,8
797,3
798,0
799,8
800,4
801,2
802,0
803,3
804,2
805,3
806,8
807,4
808,3
809,9
810,7
811,5
812,7
813,2
814,5
815,4
816,3
817,7
818,7
819,5
820,4
821,5
822,4
823,8
824,2
825,4
826,6
827,4
828,8
829,5
830,8
831,8
832,0
833,8
834,9
835,9
836,4
837,8
838,0
839,4
840,4
841,4
842,9
843,5
844,3
845,0
846,4
847,4
848,0
849,4
850,4
851,9
852,6
853,0
854,4
855,4
856,9
857,5
858,4
859,7
860,8
861,3
862,2
863,7
864,0
865,3
866,5
867,4
868,8
869,5
870,3
871,8
872,0
873,9
874,6
875,9
876,4
877,4
878,7
879,0
880,0
881,7
882,4
883,8
884,5
885,2
886,8
887,2
888,9
889,6
890,2
891,4
892,9
893,4
894,4
895,5
896,5
897,4
898,6
899,2
900,3
901,0
902,7
903,4
904,5
905,9
906,0
907,0
908,4
909,4
910,8
911,4
912,5
913,1
914,6
915,6
916,1
917,2
918,3
919,6
920,7
921,9
922,3
923,7
924,0
925,0
926,2
927,4
928,5
929,5
930,0
931,4
932,3
933,4
934,7
935,4
936,8
937,6
938,5
939,2
940,6
941,1
942,1
943,3
944,4
945,0
946,0
947,4
948,0
949,8
950,3
951,0
952,8
953,5
954,6
955,7
956,8
957,8
958,4
959,0
960,9
961,1
962,1
963,2
964,8
965,3
966,3
967,7
968,7
969,2
970,2
971,0
972,9
973,4
974,1
975,4
976,5
977,4
978,4
979,2
980,2
981,3
982,4
983,7
984,4
985,3
986,3
987,7
988,3
989,3
990,2
991,2
992,3
993,6
994,2
995,8
996,4
997,8
998,9
999,2
1000,9
1001,7
1002,9
1003,4
1004,3
1005,2
1006,3
1007,4
1008,8
1009,3
1010,8
1011,2
1012,5
1013,4
1014,4
1015,4
1016,0
1017,8
1018,4
1019,5
1020,2
1021,8
1022,2
1023,6
1024,8
1025,9
1026,1
1027,4
1028,3
1029,4
1030,3
1031,9
1032,0
1033,2
1034,6
1035,2
1036,0
1037,4
1038,1
1039,3
1040,0
1041,8
1042,5
1043,0
1044,4
1045,4
1046,0
1047,4
1048,5
1049,7
1050,4
1051,0
1052,4
1053,8
1054,3
1055,9
1056,1
1057,2
1058,5
1059,1
1060,4
1061,8
1062,5
1063,0
1064,8
1065,3
1066,9
1067,0
1068,9
1069,3
1070,5
1071,3
1072,4
1073,8
1074,9
1075,3
1076,2
1077,4
1078,4
1079,8
1080,4
1081,8
1082,4
1083,3
1084,7
1085,1
1086,0
1087,5
1088,6
1089,7
1090,3
1091,4
1092,9
1093,7
1094,4
1095,7
1096,5
1097,4
1098,6
1099,4
1100,5
1101,5
1102,4
1103,4
1104,6
1105,2
1106,8
1107,6
1108,5
1109,6
1110,1
1111,3
1112,2
1113,4
1114,8
1115,4
1116,7
1117,5
1118,3
1119,1
1120,0
1121,4
1122,3
1123,3
1124,4
1125,7
1126,0
1127,2
1128,6
1129,4
1130,2
1131,8
1132,0
1133,0
1134,3
1135,6
1136,3
1137,2
1138,1
1139,7
1140,7
1141,0
1142,4
1143,0
1144,7
1145,8
1146,0
1147,4
1148,9
1149,8
1150,1
1151,8
1152,3
1153,2
1154,4
1155,9
1156,0
1157,3
1158,2
1159,0
1160,4
1161,6
1162,5
1163,3
1164,8
1165,8
1166,4
1167,2
1168,8
1169,2
1170,7
1171,4
1172,0
1173,7
1174,4
1175,8
1176,3
1177,9
1178,0
1179,6
1180,0
1181,8
1182,5
1183,4
1184,8
1185,2
1186,9
1187,0
1188,2
1189,1
1190,2
1191,4
1192,9
1193,0
1194,3
1195,4
1196,8
1197,2
1198,4
1199,7
1200,6
1201,0
1202,2
1203,5
1204,1
1205,6
1206,4
1207,8
1208,9
1209,3
1210,9
1211,1
1212,4
1213,7
1214,4
1215,3
1216,1
1217,7
1218,5
1219,6
1220,4
1221,9
1222,3
1223,0
1224,4
1225,4
1226,2
1227,5
1228,8
1229,0
1230,9
1231,7
1232,1
1233,2
1234,1
1235,2
1236,8
1237,6
1238,2
1239,9
1240,6
1241,2
1242,2
1243,4
1244,9
1245,4
1246,4
1247,4
1248,7
1249,1
1250,5
1251,7
1252,5
1253,4
1254,6
1255,4
1256,1
1257,7
1258,8
1259,0
1260,0
1261,2
1262,8
1263,8
1264,3
1265,0
1266,3
1267,2
1268,1
1269,4
1270,2
1271,2
1272,8
1273,0
1274,9
1275,7
1276,2
1277,6
1278,1
1279,8
1280,0
1281,0
1282,4
1283,2
1284,0
1285,7
1286,8
1287,3
1288,7
1289,0
1290,4
1291,4
1292,0
1293,4
1294,4
1295,1
1296,0
1297,4
1298,3
1299,7
1300,9
1301,4
1302,8
1303,8
1304,3
1305,4
1306,8
1307,9
1308,6
1309,0
1310,9
1311,5
1312,2
1313,3
1314,4
1315,8
1316,0
1317,8
1318,8
1319,1
1320,0
1321,0
1322,4
1323,4
1324,8
1325,4
1326,3
1327,4
1328,6
1329,2
1330,4
1331,3
1332,3
1333,3
1334,8
1335,0
1336,4
1337,0
1338,4
1339,8
1340,8
1341,2
1342,3
1343,0
1344,3
1345,4
1346,4
1347,3
1348,4
1349,7
1350,4
1351,0
1352,9
1353,4
1354,3
1355,3
1356,8
1357,4
1358,5
1359,1
1360,7
1361,7
1362,2
1363,1
1364,5
1365,3
1366,2
1367,9
1368,0
1369,4
1370,1
1371,4
1372,3
1373,2
1374,4
1375,9
1376,8
1377,2
1378,0
1379,5
1380,4
1381,8
1382,2
1383,2
1384,4
1385,3
1386,6
1387,3
1388,3
1389,8
1390,8
1391,4
1392,7
1393,2
1394,4
1395,8
1396,4
1397,4
1398,7
1399,8
1400,2
1401,4
1402,7
1403,0
1404,3
1405,8
1406,3
1407,8
1408,1
1409,8
1410,7
1411,4
1412,1
1413,0
1414,4
1415,5
1416,4
1417,9
1418,4
1419,2
1420,7
1421,7
1422,0
1423,1
1424,2
1425,3
1426,4
1427,3
1428,8
1429,1
1430,8
1431,4
1432,5
1433,8
1434,1
1435,7
1436,9
1437,4
1438,4
1439,4
1440,8
1441,8
1442,4
1443,4
1444,6
1445,8
1446,4
1447,0
1448,6
1449,4
1450,4
1451,4
1452,2
1453,0
1454,4
1455,9
1456,4
1457,4
1458,0
1459,2
1460,9
1461,3
1462,0
1463,8
1464,0
1465,4
1466,4
1467,3
1468,3
1469,8
1470,4
1471,4
1472,8
1473,2
1474,2
1475,0
1476,7
1477,5
1478,4
1479,7
1480,8
1481,4
1482,8
1483,5
1484,3
1485,8
1486,8
1487,2
1488,0
1489,9
1490,7
1491,4
1492,2
1493,4
1494,4
1495,5
1496,0
1497,0
1498,1
1499,4
1500,2
1501,2
1502,7
1503,4
1504,9
1505,3
1506,8
1507,4
1508,7
1509,0
1510,6
1511,0
1512,5
1513,4
1514,2
1515,8
1516,9
1517,4
1518,4
1519,2
1520,0
1521,7
1522,6
1523,3
1524,0
1525,4
1526,4
1527,9
1528,4
1529,0
1530,1
1531,5
1532,4
1533,4
1534,2
1535,4
1536,4
1537,1
1538,4
1539,8
1540,5
1541,2
1542,7
1543,9
1544,8
1545,4
1546,4
1547,3
1548,5
1549,4
1550,2
1551,9
1552,9
1553,9
1554,4
1555,9
1556,4
1557,4
1558,8
1559,2
1560,4
1561,8
1562,0
1563,0
1564,8
1565,6
1566,2
1567,9
1568,4
1569,4
1570,7
1571,8
1572,4
1573,2
1574,8
1575,3
1576,0
1577,3
1578,1
1579,8
1580,4
1581,4
1582,4
1583,0
1584,0
1585,7
1586,2
1587,7
1588,3
1589,2
1590,2
1591,2
1592,3
1593,7
1594,1
1595,0
1596,8
1597,4
1598,3
1599,8
1600,3
1601,3
1602,3
1603,1
1604,4
1605,8
1606,7
1607,3
1608,0
1609,4
1610,4
1611,0
1612,9
1613,4
1614,8
1615,4
1616,8
1617,8
1618,4
1619,3
1620,2
1621,3
1622,0
1623,8
1624,5
1625,3
1626,4
1627,5
1628,1
1629,4
1630,4
1631,3
1632,6
1633,7
1634,0
1635,7
1636,2
1637,1
1638,4
1639,0
1640,4
1641,4
1642,3
1643,8
1644,4
1645,4
1646,3
1647,2
1648,1
1649,4
1650,4
1651,4
1652,6
